Unnamed: 0,match,bowlingTeam,bowlerName,overs,maiden,runs,wickets,economy,0s,4s,6s,wides,noBalls,match_id
0,Pakistan Vs England,England,Ben Stokes,4.0,0,32,1,8.0,6,1,0,2,1,T20I # 1879
1,Pakistan Vs England,England,Chris Woakes,3.0,0,26,0,8.66,7,2,1,2,0,T20I # 1879
2,Pakistan Vs England,England,Sam Curran,4.0,0,12,3,3.0,15,0,0,0,0,T20I # 1879
3,Pakistan Vs England,England,Adil Rashid,4.0,1,22,2,5.5,10,1,0,1,0,T20I # 1879
4,Pakistan Vs England,England,Chris Jordan,4.0,0,27,2,6.75,9,3,0,0,0,T20I # 1879
5,Pakistan Vs England,England,Liam Livingstone,1.0,0,16,0,16.0,1,1,1,1,0,T20I # 1879
6,Pakistan Vs England,Pakistan,Shaheen Shah Afridi,2.1,0,13,1,6.0,6,1,0,0,0,T20I # 1879
7,Pakistan Vs England,Pakistan,Naseem Shah,4.0,0,30,0,7.5,15,3,1,1,0,T20I # 1879
8,Pakistan Vs England,Pakistan,Haris Rauf,4.0,0,23,2,5.75,13,3,0,1,0,T20I # 1879
9,Pakistan Vs England,Pakistan,Shadab Khan,4.0,0,20,1,5.0,10,1,0,0,0,T20I # 1879
10,Pakistan Vs England,Pakistan,Mohammad Wasim,4.0,0,38,1,9.5,5,5,0,2,0,T20I # 1879
11,Pakistan Vs England,Pakistan,Iftikhar Ahmed,0.5,0,13,0,15.6,0,1,1,0,0,T20I # 1879
12,India Vs England,England,Ben Stokes,2.0,0,18,0,9.0,5,2,1,0,0,T20I # 1878
13,India Vs England,England,Chris Woakes,3.0,0,24,1,8.0,5,1,1,2,0,T20I # 1878
14,India Vs England,England,Sam Curran,4.0,0,42,0,10.5,9,5,2,0,0,T20I # 1878
15,India Vs England,England,Adil Rashid,4.0,0,20,1,5.0,8,1,0,0,0,T20I # 1878
16,India Vs England,England,Liam Livingstone,3.0,0,21,0,7.0,7,3,0,0,0,T20I # 1878
17,India Vs England,England,Chris Jordan,4.0,0,43,3,10.75,8,3,3,1,0,T20I # 1878
18,India Vs England,India,Bhuvneshwar Kumar,2.0,0,25,0,12.5,4,3,1,1,0,T20I # 1878
19,India Vs England,India,Arshdeep Singh,2.0,0,15,0,7.5,4,2,0,1,0,T20I # 1878
20,India Vs England,India,Axar Patel,4.0,0,30,0,7.5,10,2,2,0,0,T20I # 1878
21,India Vs England,India,Mohammed Shami,3.0,0,39,0,13.0,7,4,3,0,0,T20I # 1878
22,India Vs England,India,Ravichandran Ashwin,2.0,0,27,0,13.5,1,1,2,1,0,T20I # 1878
23,India Vs England,India,Hardik Pandya,3.0,0,34,0,11.33,5,1,2,0,0,T20I # 1878
24,New Zealand Vs Pakistan,Pakistan,Shaheen Shah Afridi,4.0,0,24,2,6.0,11,2,0,0,0,T20I # 1877
25,New Zealand Vs Pakistan,Pakistan,Naseem Shah,4.0,0,30,0,7.5,8,3,0,0,0,T20I # 1877
26,New Zealand Vs Pakistan,Pakistan,Haris Rauf,4.0,0,32,0,8.0,6,2,0,0,0,T20I # 1877
27,New Zealand Vs Pakistan,Pakistan,Mohammad Wasim,2.0,0,15,0,7.5,3,0,1,0,0,T20I # 1877
28,New Zealand Vs Pakistan,Pakistan,Shadab Khan,4.0,0,33,0,8.25,7,3,1,0,0,T20I # 1877
29,New Zealand Vs Pakistan,Pakistan,Mohammad Nawaz,2.0,0,12,1,6.0,2,0,0,0,0,T20I # 1877
30,New Zealand Vs Pakistan,New Zealand,Trent Boult,4.0,0,33,2,8.25,9,5,0,0,0,T20I # 1877
31,New Zealand Vs Pakistan,New Zealand,Tim Southee,3.1,0,24,0,7.57,7,3,0,2,0,T20I # 1877
32,New Zealand Vs Pakistan,New Zealand,Lockie Ferguson,4.0,0,37,0,9.25,7,4,1,1,0,T20I # 1877
33,New Zealand Vs Pakistan,New Zealand,Mitchell Santner,4.0,0,26,1,6.5,6,1,0,0,0,T20I # 1877
34,New Zealand Vs Pakistan,New Zealand,Ish Sodhi,4.0,0,26,0,6.5,4,1,0,0,0,T20I # 1877
35,India Vs Zimbabwe,Zimbabwe,Richard Ngarava,4.0,1,44,1,11.0,12,2,4,1,1,T20I # 1873
36,India Vs Zimbabwe,Zimbabwe,Tendai Chatara,4.0,0,34,0,8.5,5,3,1,0,0,T20I # 1873
37,India Vs Zimbabwe,Zimbabwe,Blessing Muzarabani,4.0,0,50,1,12.5,5,8,0,1,0,T20I # 1873
38,India Vs Zimbabwe,Zimbabwe,Wellington Masakadza,2.0,0,12,0,6.0,5,1,0,1,0,T20I # 1873
39,India Vs Zimbabwe,Zimbabwe,Ryan Burl,1.0,0,14,0,14.0,1,1,1,0,0,T20I # 1873
40,India Vs Zimbabwe,Zimbabwe,Sikandar Raza,3.0,0,18,1,6.0,5,0,1,0,0,T20I # 1873
41,India Vs Zimbabwe,Zimbabwe,Sean Williams,2.0,0,9,2,4.5,6,0,0,2,0,T20I # 1873
42,India Vs Zimbabwe,India,Bhuvneshwar Kumar,3.0,1,11,1,3.66,14,1,0,1,0,T20I # 1873
43,India Vs Zimbabwe,India,Arshdeep Singh,2.0,0,9,1,4.5,9,1,0,2,0,T20I # 1873
44,India Vs Zimbabwe,India,Mohammed Shami,2.0,0,14,2,7.0,7,1,1,0,0,T20I # 1873
45,India Vs Zimbabwe,India,Hardik Pandya,3.0,0,16,2,5.33,10,1,0,2,1,T20I # 1873
46,India Vs Zimbabwe,India,Ravichandran Ashwin,4.0,0,22,3,5.5,13,3,0,1,0,T20I # 1873
47,India Vs Zimbabwe,India,Axar Patel,3.2,0,40,1,12.0,4,5,1,0,0,T20I # 1873
48,Bangladesh Vs Pakistan,Pakistan,Shaheen Shah Afridi,4.0,0,22,4,5.5,13,2,1,0,0,T20I # 1872
49,Bangladesh Vs Pakistan,Pakistan,Naseem Shah,3.0,0,15,0,5.0,9,2,0,0,0,T20I # 1872
50,Bangladesh Vs Pakistan,Pakistan,Mohammad Wasim,2.0,0,19,0,9.5,5,1,1,1,0,T20I # 1872
51,Bangladesh Vs Pakistan,Pakistan,Haris Rauf,4.0,0,21,1,5.25,11,2,0,0,0,T20I # 1872
52,Bangladesh Vs Pakistan,Pakistan,Shadab Khan,4.0,0,30,2,7.5,8,3,0,0,0,T20I # 1872
53,Bangladesh Vs Pakistan,Pakistan,Iftikhar Ahmed,3.0,0,15,1,5.0,9,2,0,0,0,T20I # 1872
54,Bangladesh Vs Pakistan,Bangladesh,Taskin Ahmed,3.0,0,26,0,8.66,10,1,2,0,1,T20I # 1872
55,Bangladesh Vs Pakistan,Bangladesh,Nasum Ahmed,4.0,0,14,1,3.5,13,0,0,2,0,T20I # 1872
56,Bangladesh Vs Pakistan,Bangladesh,Shakib Al Hasan,4.0,0,35,1,8.75,6,5,0,0,0,T20I # 1872
57,Bangladesh Vs Pakistan,Bangladesh,Mustafizur Rahman,4.0,0,21,1,5.25,8,0,0,0,0,T20I # 1872
58,Bangladesh Vs Pakistan,Bangladesh,Ebadot Hossain,3.1,0,25,1,7.89,7,1,1,0,1,T20I # 1872
59,Netherlands Vs South Africa,South Africa,Wayne Parnell,4.0,0,32,0,8.0,10,2,2,1,0,T20I # 1871
60,Netherlands Vs South Africa,South Africa,Kagiso Rabada,3.0,0,37,0,12.33,6,7,0,0,0,T20I # 1871
61,Netherlands Vs South Africa,South Africa,Lungi Ngidi,3.0,0,35,0,11.66,3,5,0,0,0,T20I # 1871
62,Netherlands Vs South Africa,South Africa,Anrich Nortje,4.0,0,10,1,2.5,14,0,0,0,0,T20I # 1871
63,Netherlands Vs South Africa,South Africa,Keshav Maharaj,4.0,0,27,2,6.75,12,1,2,0,0,T20I # 1871
64,Netherlands Vs South Africa,South Africa,Aiden Markram,2.0,0,16,1,8.0,3,0,1,1,0,T20I # 1871
65,Netherlands Vs South Africa,Netherlands,Fred Klaassen,4.0,0,20,2,5.0,15,3,0,0,0,T20I # 1871
66,Netherlands Vs South Africa,Netherlands,Paul van Meekeren,3.0,0,33,1,11.0,5,1,2,1,1,T20I # 1871
67,Netherlands Vs South Africa,Netherlands,Colin Ackermann,3.0,0,16,0,5.33,6,1,0,0,0,T20I # 1871
68,Netherlands Vs South Africa,Netherlands,Roelof van der Merwe,2.0,0,19,0,9.5,2,2,0,0,0,T20I # 1871
69,Netherlands Vs South Africa,Netherlands,Brandon Glover,2.0,0,9,3,4.5,5,0,0,1,0,T20I # 1871
70,Netherlands Vs South Africa,Netherlands,Logan van Beek,3.0,0,23,0,7.66,4,1,1,0,0,T20I # 1871
71,Netherlands Vs South Africa,Netherlands,Bas de Leede,3.0,0,25,2,8.33,4,1,0,1,2,T20I # 1871
72,Sri Lanka Vs England,England,Ben Stokes,3.0,0,24,1,8.0,8,1,2,0,0,T20I # 1867
73,Sri Lanka Vs England,England,Chris Woakes,3.0,0,24,1,8.0,5,3,0,1,0,T20I # 1867
74,Sri Lanka Vs England,England,Mark Wood,3.0,0,26,3,8.66,8,1,2,1,0,T20I # 1867
75,Sri Lanka Vs England,England,Sam Curran,4.0,0,27,1,6.75,10,2,1,0,0,T20I # 1867
76,Sri Lanka Vs England,England,Adil Rashid,4.0,0,16,1,4.0,11,0,0,0,0,T20I # 1867
77,Sri Lanka Vs England,England,Liam Livingstone,2.0,0,16,0,8.0,2,0,1,0,0,T20I # 1867
78,Sri Lanka Vs England,England,Moeen Ali,1.0,0,5,0,5.0,1,0,0,0,0,T20I # 1867
79,Sri Lanka Vs England,Sri Lanka,Maheesh Theekshana,4.0,0,22,0,5.5,11,1,0,1,0,T20I # 1867
80,Sri Lanka Vs England,Sri Lanka,Kasun Rajitha,3.0,0,40,0,13.33,4,5,1,2,0,T20I # 1867
81,Sri Lanka Vs England,Sri Lanka,Lahiru Kumara,3.4,0,24,2,6.54,11,3,0,0,1,T20I # 1867
82,Sri Lanka Vs England,Sri Lanka,Wanindu Hasaranga,4.0,0,23,2,5.75,11,1,1,0,0,T20I # 1867
83,Sri Lanka Vs England,Sri Lanka,Dhananjaya de Silva,4.0,0,24,2,6.0,7,1,0,0,0,T20I # 1867
84,Sri Lanka Vs England,Sri Lanka,Charith Asalanka,1.0,0,8,0,8.0,1,1,0,0,0,T20I # 1867
85,Australia Vs Afghanistan,Afghanistan,Fazalhaq Farooqi,4.0,0,29,2,7.25,13,4,1,0,0,T20I # 1864
86,Australia Vs Afghanistan,Afghanistan,Mujeeb Ur Rahman,4.0,0,42,1,10.5,5,4,1,1,0,T20I # 1864
87,Australia Vs Afghanistan,Afghanistan,Naveen-ul-Haq,4.0,0,21,3,5.25,11,2,0,0,0,T20I # 1864
88,Australia Vs Afghanistan,Afghanistan,Gulbadin Naib,3.0,0,31,0,10.33,6,3,2,0,0,T20I # 1864
89,Australia Vs Afghanistan,Afghanistan,Rashid Khan,4.0,0,29,1,7.25,9,2,1,1,0,T20I # 1864
90,Australia Vs Afghanistan,Afghanistan,Mohammad Nabi,1.0,0,14,0,14.0,1,1,1,0,0,T20I # 1864
91,Australia Vs Afghanistan,Australia,Josh Hazlewood,4.0,0,33,2,8.25,13,2,3,0,0,T20I # 1864
92,Australia Vs Afghanistan,Australia,Pat Cummins,4.0,0,22,0,5.5,12,2,0,0,0,T20I # 1864
93,Australia Vs Afghanistan,Australia,Marcus Stoinis,2.0,0,26,0,13.0,2,2,1,2,0,T20I # 1864
94,Australia Vs Afghanistan,Australia,Kane Richardson,4.0,0,48,1,12.0,4,3,3,1,0,T20I # 1864
95,Australia Vs Afghanistan,Australia,Adam Zampa,4.0,0,22,2,5.5,11,1,0,0,0,T20I # 1864
96,Australia Vs Afghanistan,Australia,Cameron Green,2.0,0,13,0,6.5,7,1,1,0,0,T20I # 1864
97,New Zealand Vs Ireland,Ireland,Josh Little,4.0,0,22,3,5.5,10,2,0,1,0,T20I # 1862
98,New Zealand Vs Ireland,Ireland,Mark Adair,4.0,0,39,1,9.75,9,3,1,3,0,T20I # 1862
99,New Zealand Vs Ireland,Ireland,Barry McCarthy,4.0,0,46,0,11.5,4,4,2,0,0,T20I # 1862
100,New Zealand Vs Ireland,Ireland,Gareth Delany,4.0,0,30,2,7.5,11,3,1,1,0,T20I # 1862
101,New Zealand Vs Ireland,Ireland,Fionn Hand,2.0,0,22,0,11.0,2,2,1,0,0,T20I # 1862
102,New Zealand Vs Ireland,Ireland,George Dockrell,2.0,0,18,0,9.0,4,2,0,2,0,T20I # 1862
103,New Zealand Vs Ireland,New Zealand,Trent Boult,4.0,0,38,0,9.5,8,4,1,0,0,T20I # 1862
104,New Zealand Vs Ireland,New Zealand,Tim Southee,4.0,0,29,2,7.25,8,2,1,0,0,T20I # 1862
105,New Zealand Vs Ireland,New Zealand,Lockie Ferguson,4.0,0,22,3,5.5,10,1,0,0,0,T20I # 1862
106,New Zealand Vs Ireland,New Zealand,Mitchell Santner,4.0,0,26,2,6.5,12,3,1,0,0,T20I # 1862
107,New Zealand Vs Ireland,New Zealand,Ish Sodhi,4.0,0,31,2,7.75,10,0,2,1,0,T20I # 1862
108,Pakistan Vs South Africa,South Africa,Wayne Parnell,4.0,0,31,1,7.75,10,3,1,0,0,T20I # 1861
109,Pakistan Vs South Africa,South Africa,Kagiso Rabada,4.0,0,44,1,11.0,7,4,2,0,0,T20I # 1861
110,Pakistan Vs South Africa,South Africa,Lungi Ngidi,4.0,0,32,1,8.0,11,3,1,2,0,T20I # 1861
111,Pakistan Vs South Africa,South Africa,Anrich Nortje,4.0,0,41,4,10.25,11,1,4,0,1,T20I # 1861
112,Pakistan Vs South Africa,South Africa,Tabraiz Shamsi,4.0,0,36,1,9.0,8,2,2,2,0,T20I # 1861
113,Pakistan Vs South Africa,Pakistan,Shaheen Shah Afridi,3.0,0,14,3,4.66,11,2,0,0,0,T20I # 1861
114,Pakistan Vs South Africa,Pakistan,Naseem Shah,3.0,0,19,1,6.33,10,1,1,1,0,T20I # 1861
115,Pakistan Vs South Africa,Pakistan,Haris Rauf,3.0,0,44,1,14.66,2,7,1,1,0,T20I # 1861
116,Pakistan Vs South Africa,Pakistan,Mohammad Wasim,2.0,0,13,1,6.5,3,1,0,0,0,T20I # 1861
117,Pakistan Vs South Africa,Pakistan,Shadab Khan,2.0,0,16,2,8.0,5,1,1,0,0,T20I # 1861
118,Pakistan Vs South Africa,Pakistan,Mohammad Nawaz,1.0,0,2,0,2.0,4,0,0,0,0,T20I # 1861
119,India Vs Bangladesh,Bangladesh,Taskin Ahmed,4.0,0,15,0,3.75,16,2,0,0,0,T20I # 1860
120,India Vs Bangladesh,Bangladesh,Shoriful Islam,4.0,0,57,0,14.25,7,4,4,2,2,T20I # 1860
121,India Vs Bangladesh,Bangladesh,Hasan Mahmud,4.0,0,47,3,11.75,7,6,2,0,1,T20I # 1860
122,India Vs Bangladesh,Bangladesh,Mustafizur Rahman,4.0,0,31,0,7.75,9,4,0,0,0,T20I # 1860
123,India Vs Bangladesh,Bangladesh,Shakib Al Hasan,4.0,0,33,2,8.25,3,2,0,0,0,T20I # 1860
124,India Vs Bangladesh,India,Bhuvneshwar Kumar,3.0,0,27,0,9.0,7,2,2,0,0,T20I # 1860
125,India Vs Bangladesh,India,Arshdeep Singh,4.0,0,38,2,9.5,10,5,1,0,0,T20I # 1860
126,India Vs Bangladesh,India,Mohammed Shami,3.0,0,25,1,8.33,7,2,1,0,0,T20I # 1860
127,India Vs Bangladesh,India,Axar Patel,1.0,0,6,0,6.0,2,0,0,0,0,T20I # 1860
128,India Vs Bangladesh,India,Ravichandran Ashwin,2.0,0,19,0,9.5,4,3,0,1,0,T20I # 1860
129,India Vs Bangladesh,India,Hardik Pandya,3.0,0,28,2,9.33,8,1,3,0,0,T20I # 1860
130,Zimbabwe Vs Netherlands,Netherlands,Fred Klaassen,4.0,0,17,1,4.25,17,0,1,2,0,T20I # 1859
131,Zimbabwe Vs Netherlands,Netherlands,Paul van Meekeren,4.0,0,29,3,7.25,13,3,0,2,0,T20I # 1859
132,Zimbabwe Vs Netherlands,Netherlands,Brandon Glover,4.0,1,29,2,7.25,15,2,2,2,0,T20I # 1859
133,Zimbabwe Vs Netherlands,Netherlands,Logan van Beek,2.2,0,17,2,7.28,8,1,1,1,0,T20I # 1859
134,Zimbabwe Vs Netherlands,Netherlands,Bas de Leede,4.0,0,14,2,3.5,11,0,0,0,0,T20I # 1859
135,Zimbabwe Vs Netherlands,Netherlands,Roelof van der Merwe,1.0,0,8,0,8.0,2,1,0,0,0,T20I # 1859
136,Zimbabwe Vs Netherlands,Zimbabwe,Tendai Chatara,4.0,0,22,0,5.5,14,4,0,0,0,T20I # 1859
137,Zimbabwe Vs Netherlands,Zimbabwe,Richard Ngarava,4.0,0,18,2,4.5,15,1,1,0,0,T20I # 1859
138,Zimbabwe Vs Netherlands,Zimbabwe,Blessing Muzarabani,4.0,0,23,2,5.75,14,2,1,1,0,T20I # 1859
139,Zimbabwe Vs Netherlands,Zimbabwe,Sean Williams,3.0,0,21,0,7.0,8,2,1,0,0,T20I # 1859
140,Zimbabwe Vs Netherlands,Zimbabwe,Sikandar Raza,1.0,0,6,0,6.0,0,0,0,0,0,T20I # 1859
141,Zimbabwe Vs Netherlands,Zimbabwe,Luke Jongwe,2.0,0,25,1,12.5,3,4,0,3,1,T20I # 1859
142,England Vs New Zealand,New Zealand,Trent Boult,4.0,0,40,0,10.0,8,4,1,1,0,T20I # 1858
143,England Vs New Zealand,New Zealand,Tim Southee,4.0,0,43,1,10.75,9,3,3,0,0,T20I # 1858
144,England Vs New Zealand,New Zealand,Mitchell Santner,4.0,0,25,1,6.25,8,2,0,0,0,T20I # 1858
145,England Vs New Zealand,New Zealand,Lockie Ferguson,4.0,0,45,2,11.25,6,4,2,0,1,T20I # 1858
146,England Vs New Zealand,New Zealand,Ish Sodhi,4.0,0,23,1,5.75,10,2,0,0,0,T20I # 1858
147,England Vs New Zealand,England,Moeen Ali,1.0,0,4,0,4.0,3,0,0,0,0,T20I # 1858
148,England Vs New Zealand,England,Chris Woakes,4.0,0,33,2,8.25,9,1,2,1,0,T20I # 1858
149,England Vs New Zealand,England,Adil Rashid,4.0,0,33,0,8.25,6,0,2,0,0,T20I # 1858
150,England Vs New Zealand,England,Sam Curran,4.0,0,26,2,6.5,9,0,0,2,0,T20I # 1858
151,England Vs New Zealand,England,Mark Wood,3.0,0,25,1,8.33,8,2,1,1,0,T20I # 1858
152,England Vs New Zealand,England,Liam Livingstone,3.0,0,26,0,8.66,4,3,0,0,0,T20I # 1858
153,England Vs New Zealand,England,Ben Stokes,1.0,0,10,1,10.0,2,2,0,0,0,T20I # 1858
154,Afghanistan Vs Sri Lanka,Sri Lanka,Kasun Rajitha,4.0,0,31,1,7.75,11,2,1,1,1,T20I # 1856
155,Afghanistan Vs Sri Lanka,Sri Lanka,Pramod Madushan,3.0,0,24,0,8.0,7,2,1,0,0,T20I # 1856
156,Afghanistan Vs Sri Lanka,Sri Lanka,Lahiru Kumara,4.0,0,30,2,7.5,12,2,1,4,0,T20I # 1856
157,Afghanistan Vs Sri Lanka,Sri Lanka,Maheesh Theekshana,4.0,0,33,0,8.25,5,1,1,1,0,T20I # 1856
158,Afghanistan Vs Sri Lanka,Sri Lanka,Wanindu Hasaranga,4.0,0,13,3,3.25,12,0,0,0,0,T20I # 1856
159,Afghanistan Vs Sri Lanka,Sri Lanka,Dhananjaya de Silva,1.0,0,9,1,9.0,1,1,0,0,0,T20I # 1856
160,Afghanistan Vs Sri Lanka,Afghanistan,Fazalhaq Farooqi,3.3,1,22,0,6.28,11,3,0,1,0,T20I # 1856
161,Afghanistan Vs Sri Lanka,Afghanistan,Mujeeb Ur Rahman,4.0,0,24,2,6.0,12,3,0,0,0,T20I # 1856
162,Afghanistan Vs Sri Lanka,Afghanistan,Fareed Ahmad,2.0,0,25,0,12.5,3,3,1,1,0,T20I # 1856
163,Afghanistan Vs Sri Lanka,Afghanistan,Rashid Khan,4.0,0,31,2,7.75,10,2,1,1,0,T20I # 1856
164,Afghanistan Vs Sri Lanka,Afghanistan,Azmatullah Omarzai,2.0,0,17,0,8.5,2,1,0,1,0,T20I # 1856
165,Afghanistan Vs Sri Lanka,Afghanistan,Mohammad Nabi,2.0,0,16,0,8.0,2,0,1,0,0,T20I # 1856
166,Afghanistan Vs Sri Lanka,Afghanistan,Gulbadin Naib,1.0,0,12,0,12.0,1,2,0,0,0,T20I # 1856
167,Australia Vs Ireland,Ireland,Josh Little,4.0,0,21,2,5.25,13,2,0,2,0,T20I # 1855
168,Australia Vs Ireland,Ireland,Mark Adair,4.0,0,59,0,14.75,6,7,2,6,0,T20I # 1855
169,Australia Vs Ireland,Ireland,Barry McCarthy,4.0,0,29,3,7.25,7,2,0,1,0,T20I # 1855
170,Australia Vs Ireland,Ireland,Gareth Delany,3.0,0,29,0,9.66,10,2,2,2,0,T20I # 1855
171,Australia Vs Ireland,Ireland,Fionn Hand,1.0,0,15,0,15.0,2,0,2,1,0,T20I # 1855
172,Australia Vs Ireland,Ireland,George Dockrell,4.0,0,24,0,6.0,8,0,1,0,0,T20I # 1855
173,Australia Vs Ireland,Australia,Josh Hazlewood,3.0,0,24,0,8.0,8,1,2,1,0,T20I # 1855
174,Australia Vs Ireland,Australia,Pat Cummins,4.0,0,28,2,7.0,14,3,1,1,0,T20I # 1855
175,Australia Vs Ireland,Australia,Glenn Maxwell,2.1,0,14,2,6.46,6,2,0,0,0,T20I # 1855
176,Australia Vs Ireland,Australia,Mitchell Starc,4.0,1,43,2,10.75,11,8,0,2,1,T20I # 1855
177,Australia Vs Ireland,Australia,Adam Zampa,4.0,0,19,2,4.75,9,1,0,0,0,T20I # 1855
178,Australia Vs Ireland,Australia,Marcus Stoinis,1.0,0,6,1,6.0,2,0,0,0,0,T20I # 1855
179,India Vs South Africa,South Africa,Wayne Parnell,4.0,1,15,3,3.75,16,0,1,0,0,T20I # 1853
180,India Vs South Africa,South Africa,Kagiso Rabada,4.0,0,26,0,6.5,13,2,1,1,0,T20I # 1853
181,India Vs South Africa,South Africa,Lungi Ngidi,4.0,0,29,4,7.25,10,3,1,0,0,T20I # 1853
182,India Vs South Africa,South Africa,Anrich Nortje,4.0,0,23,1,5.75,12,1,1,0,0,T20I # 1853
183,India Vs South Africa,South Africa,Keshav Maharaj,3.0,0,28,0,9.33,5,3,1,0,0,T20I # 1853
184,India Vs South Africa,South Africa,Aiden Markram,1.0,0,5,0,5.0,1,0,0,0,0,T20I # 1853
185,India Vs South Africa,India,Bhuvneshwar Kumar,3.4,0,21,0,5.72,13,2,1,0,0,T20I # 1853
186,India Vs South Africa,India,Arshdeep Singh,4.0,0,25,2,6.25,13,4,0,1,0,T20I # 1853
187,India Vs South Africa,India,Mohammed Shami,4.0,0,13,1,3.25,15,1,0,0,0,T20I # 1853
188,India Vs South Africa,India,Hardik Pandya,4.0,0,29,1,7.25,8,3,0,0,0,T20I # 1853
189,India Vs South Africa,India,Ravichandran Ashwin,4.0,0,43,1,10.75,5,1,4,0,0,T20I # 1853
190,Netherlands Vs Pakistan,Pakistan,Shaheen Shah Afridi,4.0,0,19,1,4.75,13,1,0,1,0,T20I # 1852
191,Netherlands Vs Pakistan,Pakistan,Naseem Shah,4.0,0,11,1,2.75,15,0,0,0,0,T20I # 1852
192,Netherlands Vs Pakistan,Pakistan,Mohammad Wasim,3.0,0,15,2,5.0,10,1,0,1,0,T20I # 1852
193,Netherlands Vs Pakistan,Pakistan,Haris Rauf,3.0,0,10,1,3.33,11,1,0,0,0,T20I # 1852
194,Netherlands Vs Pakistan,Pakistan,Shadab Khan,4.0,0,22,3,5.5,11,2,0,0,0,T20I # 1852
195,Netherlands Vs Pakistan,Pakistan,Mohammad Nawaz,2.0,0,11,0,5.5,3,0,0,0,0,T20I # 1852
196,Netherlands Vs Pakistan,Netherlands,Fred Klaassen,3.0,0,26,0,8.66,4,3,0,0,0,T20I # 1852
197,Netherlands Vs Pakistan,Netherlands,Paul van Meekeren,4.0,0,19,1,4.75,15,2,0,0,0,T20I # 1852
198,Netherlands Vs Pakistan,Netherlands,Brandon Glover,2.5,0,22,2,7.76,9,3,0,0,0,T20I # 1852
199,Netherlands Vs Pakistan,Netherlands,Tim Pringle,1.0,0,12,0,12.0,1,2,0,0,0,T20I # 1852
200,Netherlands Vs Pakistan,Netherlands,Logan van Beek,2.0,0,9,0,4.5,5,0,0,0,0,T20I # 1852
201,Netherlands Vs Pakistan,Netherlands,Roelof van der Merwe,1.0,0,7,0,7.0,1,0,0,0,0,T20I # 1852
202,Bangladesh Vs Zimbabwe,Zimbabwe,Richard Ngarava,4.0,0,24,2,6.0,11,2,0,2,0,T20I # 1851
203,Bangladesh Vs Zimbabwe,Zimbabwe,Blessing Muzarabani,2.0,0,13,2,6.5,8,3,0,0,0,T20I # 1851
204,Bangladesh Vs Zimbabwe,Zimbabwe,Tendai Chatara,3.0,0,18,0,6.0,7,1,0,0,0,T20I # 1851
205,Bangladesh Vs Zimbabwe,Zimbabwe,Sikandar Raza,4.0,0,35,1,8.75,2,2,1,0,0,T20I # 1851
206,Bangladesh Vs Zimbabwe,Zimbabwe,Brad Evans,3.0,0,32,0,10.66,2,3,1,1,0,T20I # 1851
207,Bangladesh Vs Zimbabwe,Zimbabwe,Wessly Madhevere,2.0,0,18,0,9.0,0,1,0,0,0,T20I # 1851
208,Bangladesh Vs Zimbabwe,Zimbabwe,Sean Williams,2.0,0,10,1,5.0,4,0,0,1,0,T20I # 1851
209,Bangladesh Vs Zimbabwe,Bangladesh,Taskin Ahmed,4.0,1,19,3,4.75,15,3,0,0,0,T20I # 1851
210,Bangladesh Vs Zimbabwe,Bangladesh,Hasan Mahmud,4.0,0,36,0,9.0,8,5,0,3,0,T20I # 1851
211,Bangladesh Vs Zimbabwe,Bangladesh,Mosaddek Hossain,4.0,0,34,2,8.5,11,3,2,0,1,T20I # 1851
212,Bangladesh Vs Zimbabwe,Bangladesh,Mustafizur Rahman,4.0,0,15,2,3.75,11,0,0,0,0,T20I # 1851
213,Bangladesh Vs Zimbabwe,Bangladesh,Shakib Al Hasan,4.0,0,34,0,8.5,5,3,0,0,0,T20I # 1851
214,New Zealand Vs Sri Lanka,Sri Lanka,Maheesh Theekshana,4.0,0,35,1,8.75,7,2,2,1,0,T20I # 1850
215,New Zealand Vs Sri Lanka,Sri Lanka,Kasun Rajitha,4.0,0,23,2,5.75,16,3,0,1,2,T20I # 1850
216,New Zealand Vs Sri Lanka,Sri Lanka,Dhananjaya de Silva,2.0,0,14,1,7.0,4,1,0,0,0,T20I # 1850
217,New Zealand Vs Sri Lanka,Sri Lanka,Wanindu Hasaranga,4.0,0,22,1,5.5,9,1,0,0,0,T20I # 1850
218,New Zealand Vs Sri Lanka,Sri Lanka,Lahiru Kumara,3.0,0,37,1,12.33,2,2,2,2,1,T20I # 1850
219,New Zealand Vs Sri Lanka,Sri Lanka,Chamika Karunaratne,3.0,0,34,0,11.33,5,3,1,1,0,T20I # 1850
220,New Zealand Vs Sri Lanka,New Zealand,Tim Southee,4.0,1,12,1,3.0,18,0,1,1,0,T20I # 1850
221,New Zealand Vs Sri Lanka,New Zealand,Trent Boult,4.0,0,13,4,3.25,18,1,0,1,0,T20I # 1850
222,New Zealand Vs Sri Lanka,New Zealand,Lockie Ferguson,4.0,0,35,1,8.75,11,4,1,3,0,T20I # 1850
223,New Zealand Vs Sri Lanka,New Zealand,Mitchell Santner,4.0,0,21,2,5.25,13,3,0,0,0,T20I # 1850
224,New Zealand Vs Sri Lanka,New Zealand,Ish Sodhi,3.2,0,21,2,6.3,11,2,1,1,0,T20I # 1850
225,Zimbabwe Vs Pakistan,Pakistan,Shaheen Shah Afridi,4.0,0,29,0,7.25,9,3,0,0,0,T20I # 1849
226,Zimbabwe Vs Pakistan,Pakistan,Naseem Shah,4.0,0,34,0,8.5,7,4,0,2,0,T20I # 1849
227,Zimbabwe Vs Pakistan,Pakistan,Mohammad Wasim,4.0,0,24,4,6.0,16,2,1,4,0,T20I # 1849
228,Zimbabwe Vs Pakistan,Pakistan,Haris Rauf,4.0,1,12,1,3.0,15,0,0,0,0,T20I # 1849
229,Zimbabwe Vs Pakistan,Pakistan,Shadab Khan,4.0,0,23,3,5.75,8,1,0,0,0,T20I # 1849
230,Zimbabwe Vs Pakistan,Zimbabwe,Richard Ngarava,4.0,0,24,0,6.0,15,2,1,2,0,T20I # 1849
231,Zimbabwe Vs Pakistan,Zimbabwe,Blessing Muzarabani,4.0,0,18,1,4.5,11,1,0,0,0,T20I # 1849
232,Zimbabwe Vs Pakistan,Zimbabwe,Brad Evans,4.0,0,25,2,6.25,12,2,1,0,0,T20I # 1849
233,Zimbabwe Vs Pakistan,Zimbabwe,Sikandar Raza,4.0,0,25,3,6.25,13,2,1,2,0,T20I # 1849
234,Zimbabwe Vs Pakistan,Zimbabwe,Luke Jongwe,1.0,0,10,1,10.0,2,2,0,0,0,T20I # 1849
235,Zimbabwe Vs Pakistan,Zimbabwe,Sean Williams,2.0,0,15,0,7.5,1,0,0,1,0,T20I # 1849
236,Zimbabwe Vs Pakistan,Zimbabwe,Ryan Burl,1.0,0,7,0,7.0,0,0,0,0,0,T20I # 1849
237,India Vs Netherlands,Netherlands,Fred Klaassen,4.0,0,33,1,8.25,9,2,1,2,0,T20I # 1848
238,India Vs Netherlands,Netherlands,Tim Pringle,4.0,0,30,0,7.5,6,3,0,0,0,T20I # 1848
239,India Vs Netherlands,Netherlands,Paul van Meekeren,4.0,0,32,1,8.0,9,3,1,0,0,T20I # 1848
240,India Vs Netherlands,Netherlands,Bas de Leede,3.0,0,33,0,11.0,6,5,1,1,0,T20I # 1848
241,India Vs Netherlands,Netherlands,Logan van Beek,4.0,0,45,0,11.25,3,2,3,0,0,T20I # 1848
242,India Vs Netherlands,Netherlands,Shariz Ahmad,1.0,0,5,0,5.0,2,0,0,0,0,T20I # 1848
243,India Vs Netherlands,India,Bhuvneshwar Kumar,3.0,2,9,2,3.0,14,1,0,0,0,T20I # 1848
244,India Vs Netherlands,India,Arshdeep Singh,4.0,0,37,2,9.25,9,6,0,1,1,T20I # 1848
245,India Vs Netherlands,India,Mohammed Shami,4.0,0,27,1,6.75,10,2,0,0,0,T20I # 1848
246,India Vs Netherlands,India,Axar Patel,4.0,0,18,2,4.5,11,0,0,0,0,T20I # 1848
247,India Vs Netherlands,India,Hardik Pandya,1.0,0,9,0,9.0,1,0,0,1,0,T20I # 1848
248,India Vs Netherlands,India,Ravichandran Ashwin,4.0,0,21,2,5.25,13,1,1,1,0,T20I # 1848
249,South Africa Vs Bangladesh,Bangladesh,Taskin Ahmed,3.0,0,46,1,15.33,7,6,2,0,3,T20I # 1847
250,South Africa Vs Bangladesh,Bangladesh,Mehidy Hasan Miraz,3.0,0,32,0,10.66,4,2,2,0,0,T20I # 1847
251,South Africa Vs Bangladesh,Bangladesh,Hasan Mahmud,4.0,0,36,1,9.0,11,3,2,2,0,T20I # 1847
252,South Africa Vs Bangladesh,Bangladesh,Mustafizur Rahman,4.0,0,25,0,6.25,7,1,1,0,0,T20I # 1847
253,South Africa Vs Bangladesh,Bangladesh,Mosaddek Hossain,2.0,0,16,0,8.0,5,1,1,0,0,T20I # 1847
254,South Africa Vs Bangladesh,Bangladesh,Shakib Al Hasan,3.0,0,33,2,11.0,7,1,3,0,1,T20I # 1847
255,South Africa Vs Bangladesh,Bangladesh,Afif Hossain,1.0,0,11,1,11.0,1,2,0,0,0,T20I # 1847
256,South Africa Vs Bangladesh,South Africa,Kagiso Rabada,3.0,0,24,1,8.0,8,1,2,1,0,T20I # 1847
257,South Africa Vs Bangladesh,South Africa,Wayne Parnell,2.0,0,18,0,9.0,3,0,1,1,0,T20I # 1847
258,South Africa Vs Bangladesh,South Africa,Anrich Nortje,3.3,0,10,4,2.85,16,1,0,0,0,T20I # 1847
259,South Africa Vs Bangladesh,South Africa,Keshav Maharaj,4.0,0,24,1,6.0,6,1,0,0,0,T20I # 1847
260,South Africa Vs Bangladesh,South Africa,Tabraiz Shamsi,4.0,0,20,3,5.0,12,0,1,2,0,T20I # 1847
261,Ireland Vs England,England,Ben Stokes,2.2,0,8,1,3.42,7,0,0,0,0,T20I # 1846
262,Ireland Vs England,England,Chris Woakes,3.0,0,41,0,13.66,4,6,1,2,0,T20I # 1846
263,Ireland Vs England,England,Mark Wood,4.0,0,34,3,8.5,13,4,1,2,0,T20I # 1846
264,Ireland Vs England,England,Sam Curran,3.0,0,31,2,10.33,7,1,2,0,0,T20I # 1846
265,Ireland Vs England,England,Adil Rashid,4.0,0,24,0,6.0,6,1,0,0,0,T20I # 1846
266,Ireland Vs England,England,Liam Livingstone,3.0,0,17,3,5.66,5,1,0,0,0,T20I # 1846
267,Ireland Vs England,Ireland,Josh Little,3.0,0,16,2,5.33,11,2,0,2,0,T20I # 1846
268,Ireland Vs England,Ireland,Mark Adair,2.0,0,10,0,5.0,5,0,0,0,0,T20I # 1846
269,Ireland Vs England,Ireland,Barry McCarthy,3.0,0,20,1,6.66,7,1,0,3,0,T20I # 1846
270,Ireland Vs England,Ireland,Fionn Hand,2.0,0,17,1,8.5,6,1,0,4,0,T20I # 1846
271,Ireland Vs England,Ireland,Gareth Delany,3.3,0,33,0,9.42,5,3,1,1,0,T20I # 1846
272,Ireland Vs England,Ireland,George Dockrell,1.0,0,5,1,5.0,2,0,0,0,0,T20I # 1846
273,Sri Lanka Vs Australia,Australia,Josh Hazlewood,4.0,0,26,1,6.5,13,3,0,3,0,T20I # 1845
274,Sri Lanka Vs Australia,Australia,Pat Cummins,4.0,0,36,1,9.0,12,5,1,2,0,T20I # 1845
275,Sri Lanka Vs Australia,Australia,Mitchell Starc,4.0,0,23,1,5.75,13,1,0,1,0,T20I # 1845
276,Sri Lanka Vs Australia,Australia,Ashton Agar,4.0,0,25,1,6.25,8,1,0,1,0,T20I # 1845
277,Sri Lanka Vs Australia,Australia,Marcus Stoinis,2.0,0,17,0,8.5,1,1,0,1,0,T20I # 1845
278,Sri Lanka Vs Australia,Australia,Mitchell Marsh,1.0,0,14,0,14.0,1,1,1,0,0,T20I # 1845
279,Sri Lanka Vs Australia,Australia,Glenn Maxwell,1.0,0,5,1,5.0,2,0,0,0,0,T20I # 1845
280,Sri Lanka Vs Australia,Sri Lanka,Binura Fernando,0.5,0,5,0,6.0,2,0,0,0,0,T20I # 1845
281,Sri Lanka Vs Australia,Sri Lanka,Dhananjaya de Silva,2.1,0,18,1,8.3,4,1,1,0,0,T20I # 1845
282,Sri Lanka Vs Australia,Sri Lanka,Lahiru Kumara,3.3,0,22,0,6.28,15,0,1,3,0,T20I # 1845
283,Sri Lanka Vs Australia,Sri Lanka,Chamika Karunaratne,3.0,0,20,1,6.66,6,1,0,1,0,T20I # 1845
284,Sri Lanka Vs Australia,Sri Lanka,Maheesh Theekshana,3.0,0,23,1,7.66,11,0,3,1,0,T20I # 1845
285,Sri Lanka Vs Australia,Sri Lanka,Wanindu Hasaranga,3.0,0,53,0,17.66,0,3,5,0,0,T20I # 1845
286,Sri Lanka Vs Australia,Sri Lanka,Dasun Shanaka,1.0,0,10,0,10.0,2,2,0,0,0,T20I # 1845
287,Zimbabwe Vs South Africa,South Africa,Kagiso Rabada,2.0,0,20,0,10.0,4,2,1,0,0,T20I # 1844
288,Zimbabwe Vs South Africa,South Africa,Wayne Parnell,2.0,0,6,1,3.0,9,1,0,0,0,T20I # 1844
289,Zimbabwe Vs South Africa,South Africa,Lungi Ngidi,2.0,0,20,2,10.0,6,2,1,2,0,T20I # 1844
290,Zimbabwe Vs South Africa,South Africa,Keshav Maharaj,1.0,0,10,0,10.0,1,1,0,0,0,T20I # 1844
291,Zimbabwe Vs South Africa,South Africa,Anrich Nortje,2.0,0,10,1,5.0,5,0,0,0,0,T20I # 1844
292,Zimbabwe Vs South Africa,Zimbabwe,Tendai Chatara,1.0,0,23,0,23.0,0,4,1,0,0,T20I # 1844
293,Zimbabwe Vs South Africa,Zimbabwe,Richard Ngarava,1.0,0,17,0,17.0,2,4,0,0,1,T20I # 1844
294,Zimbabwe Vs South Africa,Zimbabwe,Sikandar Raza,1.0,0,11,0,11.0,1,0,0,0,1,T20I # 1844
295,Bangladesh Vs Netherlands,Netherlands,Fred Klaassen,4.0,0,33,1,8.25,10,5,0,3,0,T20I # 1843
296,Bangladesh Vs Netherlands,Netherlands,Colin Ackermann,1.0,0,4,0,4.0,2,0,0,0,0,T20I # 1843
297,Bangladesh Vs Netherlands,Netherlands,Paul van Meekeren,4.0,0,21,2,5.25,10,1,0,0,0,T20I # 1843
298,Bangladesh Vs Netherlands,Netherlands,Bas de Leede,3.0,0,29,2,9.66,9,3,1,3,0,T20I # 1843
299,Bangladesh Vs Netherlands,Netherlands,Tim Pringle,2.0,0,10,1,5.0,4,0,0,0,0,T20I # 1843
300,Bangladesh Vs Netherlands,Netherlands,Shariz Ahmad,3.0,0,27,1,9.0,5,1,2,0,0,T20I # 1843
301,Bangladesh Vs Netherlands,Netherlands,Logan van Beek,3.0,0,12,1,4.0,7,0,0,1,0,T20I # 1843
302,Bangladesh Vs Netherlands,Bangladesh,Taskin Ahmed,4.0,0,25,4,6.25,16,5,0,0,0,T20I # 1843
303,Bangladesh Vs Netherlands,Bangladesh,Hasan Mahmud,4.0,1,15,2,3.75,16,2,0,0,0,T20I # 1843
304,Bangladesh Vs Netherlands,Bangladesh,Shakib Al Hasan,4.0,0,32,1,8.0,6,0,2,1,0,T20I # 1843
305,Bangladesh Vs Netherlands,Bangladesh,Mustafizur Rahman,4.0,0,20,0,5.0,14,2,0,2,0,T20I # 1843
306,Bangladesh Vs Netherlands,Bangladesh,Soumya Sarkar,3.0,0,29,1,9.66,5,2,1,1,0,T20I # 1843
307,Bangladesh Vs Netherlands,Bangladesh,Mosaddek Hossain,1.0,0,14,0,14.0,0,0,1,0,1,T20I # 1843
308,Pakistan Vs India,India,Bhuvneshwar Kumar,4.0,0,22,1,5.5,17,1,1,3,0,T20I # 1842
309,Pakistan Vs India,India,Arshdeep Singh,4.0,0,32,3,8.0,10,3,1,1,0,T20I # 1842
310,Pakistan Vs India,India,Mohammed Shami,4.0,0,25,1,6.25,14,4,0,1,0,T20I # 1842
311,Pakistan Vs India,India,Hardik Pandya,4.0,0,30,3,7.5,10,4,0,0,0,T20I # 1842
312,Pakistan Vs India,India,Ravichandran Ashwin,3.0,0,23,0,7.66,5,0,1,1,0,T20I # 1842
313,Pakistan Vs India,India,Axar Patel,1.0,0,21,0,21.0,2,0,3,0,0,T20I # 1842
314,Pakistan Vs India,Pakistan,Shaheen Shah Afridi,4.0,0,34,0,8.5,7,4,0,1,0,T20I # 1842
315,Pakistan Vs India,Pakistan,Naseem Shah,4.0,0,23,1,5.75,10,1,0,0,0,T20I # 1842
316,Pakistan Vs India,Pakistan,Haris Rauf,4.0,0,36,2,9.0,11,2,2,1,0,T20I # 1842
317,Pakistan Vs India,Pakistan,Shadab Khan,4.0,0,21,0,5.25,10,2,0,0,0,T20I # 1842
318,Pakistan Vs India,Pakistan,Mohammad Nawaz,4.0,0,42,2,10.5,8,0,4,2,1,T20I # 1842
319,Ireland Vs Sri Lanka,Sri Lanka,Binura Fernando,4.0,0,27,1,6.75,10,3,0,1,0,T20I # 1841
320,Ireland Vs Sri Lanka,Sri Lanka,Lahiru Kumara,2.0,0,12,1,6.0,6,2,0,0,0,T20I # 1841
321,Ireland Vs Sri Lanka,Sri Lanka,Maheesh Theekshana,4.0,0,19,2,4.75,8,1,0,0,0,T20I # 1841
322,Ireland Vs Sri Lanka,Sri Lanka,Chamika Karunaratne,4.0,0,29,1,7.25,7,2,1,0,0,T20I # 1841
323,Ireland Vs Sri Lanka,Sri Lanka,Wanindu Hasaranga,4.0,0,25,2,6.25,6,0,1,0,0,T20I # 1841
324,Ireland Vs Sri Lanka,Sri Lanka,Dhananjaya de Silva,2.0,0,13,1,6.5,3,1,0,0,0,T20I # 1841
325,Ireland Vs Sri Lanka,Ireland,Josh Little,4.0,0,45,0,11.25,5,4,1,1,0,T20I # 1841
326,Ireland Vs Sri Lanka,Ireland,Mark Adair,2.0,0,16,0,8.0,2,1,0,0,0,T20I # 1841
327,Ireland Vs Sri Lanka,Ireland,Barry McCarthy,2.0,0,16,0,8.0,4,0,1,0,0,T20I # 1841
328,Ireland Vs Sri Lanka,Ireland,Gareth Delany,4.0,0,28,1,7.0,8,3,0,2,0,T20I # 1841
329,Ireland Vs Sri Lanka,Ireland,Curtis Campher,1.0,0,8,0,8.0,2,1,0,0,0,T20I # 1841
330,Ireland Vs Sri Lanka,Ireland,Simi Singh,2.0,0,20,0,10.0,3,0,2,0,0,T20I # 1841
331,Afghanistan Vs England,England,Ben Stokes,4.0,0,19,2,4.75,14,2,0,1,0,T20I # 1840
332,Afghanistan Vs England,England,Chris Woakes,4.0,0,24,1,6.0,15,2,1,1,0,T20I # 1840
333,Afghanistan Vs England,England,Mark Wood,4.0,0,23,2,5.75,14,2,1,0,0,T20I # 1840
334,Afghanistan Vs England,England,Sam Curran,3.4,0,10,5,2.72,16,1,0,1,0,T20I # 1840
335,Afghanistan Vs England,England,Adil Rashid,4.0,0,32,0,8.0,4,1,1,0,0,T20I # 1840
336,Afghanistan Vs England,Afghanistan,Fazalhaq Farooqi,4.0,0,24,1,6.0,15,2,1,3,0,T20I # 1840
337,Afghanistan Vs England,Afghanistan,Azmatullah Omarzai,1.1,0,11,0,9.42,2,1,0,3,0,T20I # 1840
338,Afghanistan Vs England,Afghanistan,Mujeeb Ur Rahman,4.0,0,22,1,5.5,10,1,0,0,0,T20I # 1840
339,Afghanistan Vs England,Afghanistan,Rashid Khan,4.0,0,17,1,4.25,10,0,0,0,0,T20I # 1840
340,Afghanistan Vs England,Afghanistan,Fareed Ahmad,2.0,0,23,1,11.5,2,2,0,1,0,T20I # 1840
341,Afghanistan Vs England,Afghanistan,Mohammad Nabi,3.0,0,16,1,5.33,6,0,0,0,0,T20I # 1840
342,New Zealand Vs Australia,Australia,Mitchell Starc,4.0,0,36,0,9.0,5,3,1,0,0,T20I # 1839
343,New Zealand Vs Australia,Australia,Josh Hazlewood,4.0,0,41,2,10.25,8,5,1,1,0,T20I # 1839
344,New Zealand Vs Australia,Australia,Pat Cummins,4.0,0,46,0,11.5,8,4,2,2,0,T20I # 1839
345,New Zealand Vs Australia,Australia,Marcus Stoinis,4.0,0,38,0,9.5,3,1,2,1,0,T20I # 1839
346,New Zealand Vs Australia,Australia,Adam Zampa,4.0,0,39,1,9.75,4,2,2,1,0,T20I # 1839
347,New Zealand Vs Australia,New Zealand,Trent Boult,4.0,0,24,2,6.0,13,2,1,1,0,T20I # 1839
348,New Zealand Vs Australia,New Zealand,Tim Southee,2.1,0,6,3,2.76,10,1,0,0,0,T20I # 1839
349,New Zealand Vs Australia,New Zealand,Mitchell Santner,4.0,0,31,3,7.75,10,2,2,0,0,T20I # 1839
350,New Zealand Vs Australia,New Zealand,Lockie Ferguson,3.0,0,20,1,6.66,9,2,1,0,0,T20I # 1839
351,New Zealand Vs Australia,New Zealand,Ish Sodhi,4.0,0,29,1,7.25,8,2,1,1,0,T20I # 1839
352,Scotland Vs Zimbabwe,Zimbabwe,Tendai Chatara,4.0,1,14,2,3.5,14,1,0,0,0,T20I # 1838
353,Scotland Vs Zimbabwe,Zimbabwe,Richard Ngarava,4.0,0,28,2,7.0,12,4,0,1,1,T20I # 1838
354,Scotland Vs Zimbabwe,Zimbabwe,Blessing Muzarabani,4.0,0,34,1,8.5,9,5,0,0,2,T20I # 1838
355,Scotland Vs Zimbabwe,Zimbabwe,Sean Williams,3.0,0,19,0,6.33,4,1,0,0,0,T20I # 1838
356,Scotland Vs Zimbabwe,Zimbabwe,Sikandar Raza,4.0,0,20,1,5.0,10,0,0,2,0,T20I # 1838
357,Scotland Vs Zimbabwe,Zimbabwe,Wessly Madhevere,1.0,0,7,0,7.0,1,0,0,0,0,T20I # 1838
358,Scotland Vs Zimbabwe,Scotland,Brad Wheal,4.0,0,26,1,6.5,12,4,0,0,0,T20I # 1838
359,Scotland Vs Zimbabwe,Scotland,Josh Davey,3.0,0,16,2,5.33,8,1,0,0,1,T20I # 1838
360,Scotland Vs Zimbabwe,Scotland,Safyaan Sharif,2.3,0,23,0,9.2,4,3,0,0,1,T20I # 1838
361,Scotland Vs Zimbabwe,Scotland,Mark Watt,4.0,0,19,1,4.75,9,1,0,0,0,T20I # 1838
362,Scotland Vs Zimbabwe,Scotland,Michael Leask,4.0,0,36,1,9.0,4,2,1,0,0,T20I # 1838
363,Scotland Vs Zimbabwe,Scotland,Calum MacLeod,1.0,0,11,0,11.0,0,0,1,0,0,T20I # 1838
364,West Indies Vs Ireland,Ireland,Josh Little,4.0,0,31,0,7.75,8,1,2,1,0,T20I # 1837
365,West Indies Vs Ireland,Ireland,Mark Adair,4.0,0,26,0,6.5,12,1,1,4,0,T20I # 1837
366,West Indies Vs Ireland,Ireland,Barry McCarthy,4.0,0,33,1,8.25,9,3,1,1,0,T20I # 1837
367,West Indies Vs Ireland,Ireland,Curtis Campher,2.0,0,28,0,14.0,2,4,1,0,0,T20I # 1837
368,West Indies Vs Ireland,Ireland,Simi Singh,2.0,0,11,1,5.5,4,1,0,0,0,T20I # 1837
369,West Indies Vs Ireland,Ireland,Gareth Delany,4.0,0,16,3,4.0,12,1,0,1,0,T20I # 1837
370,West Indies Vs Ireland,West Indies,Obed McCoy,3.3,0,27,0,7.71,11,2,2,0,0,T20I # 1837
371,West Indies Vs Ireland,West Indies,Akeal Hosein,4.0,0,38,1,9.5,5,2,2,0,0,T20I # 1837
372,West Indies Vs Ireland,West Indies,Alzarri Joseph,4.0,0,39,0,9.75,9,3,2,1,0,T20I # 1837
373,West Indies Vs Ireland,West Indies,Odean Smith,2.0,0,23,0,11.5,4,3,1,0,1,T20I # 1837
374,West Indies Vs Ireland,West Indies,Jason Holder,4.0,0,23,0,5.75,7,1,0,0,0,T20I # 1837
375,United Arab Emirates Vs Namibia,Namibia,Ruben Trumpelmann,4.0,0,22,0,5.5,10,0,0,3,0,
376,United Arab Emirates Vs Namibia,Namibia,David Wiese,4.0,0,27,1,6.75,12,2,1,1,0,
377,United Arab Emirates Vs Namibia,Namibia,Bernard Scholtz,4.0,0,22,1,5.5,11,1,1,0,0,
378,United Arab Emirates Vs Namibia,Namibia,JJ Smit,4.0,0,39,0,9.75,11,2,3,0,0,
379,United Arab Emirates Vs Namibia,Namibia,Jan Frylinck,3.0,0,30,0,10.0,3,2,1,1,0,
380,United Arab Emirates Vs Namibia,Namibia,Ben Shikongo,1.0,0,8,1,8.0,1,1,0,0,0,
381,United Arab Emirates Vs Namibia,United Arab Emirates,Basil Hameed,3.0,0,17,2,5.66,10,2,0,0,0,
382,United Arab Emirates Vs Namibia,United Arab Emirates,Junaid Siddique,4.0,0,35,1,8.75,8,3,1,2,0,
383,United Arab Emirates Vs Namibia,United Arab Emirates,Zahoor Khan,4.0,0,20,2,5.0,15,1,0,2,2,
384,United Arab Emirates Vs Namibia,United Arab Emirates,Ahmed Raza,1.0,0,9,0,9.0,1,1,0,0,0,
385,United Arab Emirates Vs Namibia,United Arab Emirates,Karthik Meiyappan,4.0,0,34,1,8.5,8,2,2,0,0,
386,United Arab Emirates Vs Namibia,United Arab Emirates,Aayan Afzal Khan,2.0,0,7,0,3.5,5,0,0,0,0,
387,United Arab Emirates Vs Namibia,United Arab Emirates,Muhammad Waseem,2.0,0,16,1,8.0,3,0,1,0,0,
388,Sri Lanka Vs Netherlands,Netherlands,Fred Klaassen,4.0,0,34,1,8.5,9,1,2,0,0,T20I # 1835
389,Sri Lanka Vs Netherlands,Netherlands,Tim Pringle,3.0,0,22,0,7.33,8,0,2,0,0,T20I # 1835
390,Sri Lanka Vs Netherlands,Netherlands,Roelof van der Merwe,3.0,0,16,0,5.33,10,2,0,0,0,T20I # 1835
391,Sri Lanka Vs Netherlands,Netherlands,Paul van Meekeren,4.0,0,25,2,6.25,11,3,0,1,0,T20I # 1835
392,Sri Lanka Vs Netherlands,Netherlands,Bas de Leede,3.0,0,31,2,10.33,5,2,2,0,0,T20I # 1835
393,Sri Lanka Vs Netherlands,Netherlands,Timm van der Gugten,3.0,0,31,1,10.33,3,2,1,0,0,T20I # 1835
394,Sri Lanka Vs Netherlands,Sri Lanka,Dhananjaya de Silva,1.0,0,5,0,5.0,1,0,0,0,0,T20I # 1835
395,Sri Lanka Vs Netherlands,Sri Lanka,Lahiru Kumara,4.0,0,28,1,7.0,14,2,1,1,0,T20I # 1835
396,Sri Lanka Vs Netherlands,Sri Lanka,Binura Fernando,4.0,0,33,1,8.25,11,4,1,1,0,T20I # 1835
397,Sri Lanka Vs Netherlands,Sri Lanka,Maheesh Theekshana,4.0,0,32,2,8.0,12,1,2,2,1,T20I # 1835
398,Sri Lanka Vs Netherlands,Sri Lanka,Wanindu Hasaranga,4.0,0,28,3,7.0,11,3,0,0,0,T20I # 1835
399,Sri Lanka Vs Netherlands,Sri Lanka,Chamika Karunaratne,2.0,0,11,0,5.5,6,1,0,1,0,T20I # 1835
400,Sri Lanka Vs Netherlands,Sri Lanka,Dasun Shanaka,1.0,0,7,0,7.0,3,1,0,0,0,T20I # 1835
401,West Indies Vs Zimbabwe,Zimbabwe,Richard Ngarava,3.0,0,20,0,6.66,9,1,1,1,0,T20I # 1834
402,West Indies Vs Zimbabwe,Zimbabwe,Tendai Chatara,3.0,0,22,0,7.33,5,2,0,2,0,T20I # 1834
403,West Indies Vs Zimbabwe,Zimbabwe,Blessing Muzarabani,4.0,0,38,2,9.5,10,2,2,2,1,T20I # 1834
404,West Indies Vs Zimbabwe,Zimbabwe,Ryan Burl,3.0,0,27,0,9.0,5,3,1,0,0,T20I # 1834
405,West Indies Vs Zimbabwe,Zimbabwe,Sikandar Raza,4.0,0,19,3,4.75,7,0,0,0,0,T20I # 1834
406,West Indies Vs Zimbabwe,Zimbabwe,Sean Williams,3.0,0,17,1,5.66,7,1,0,0,1,T20I # 1834
407,West Indies Vs Zimbabwe,West Indies,Kyle Mayers,1.0,0,17,0,17.0,3,3,0,1,0,T20I # 1834
408,West Indies Vs Zimbabwe,West Indies,Akeal Hosein,4.0,0,25,1,6.25,12,1,1,1,1,T20I # 1834
409,West Indies Vs Zimbabwe,West Indies,Alzarri Joseph,4.0,0,16,4,4.0,16,1,1,0,0,T20I # 1834
410,West Indies Vs Zimbabwe,West Indies,Obed McCoy,3.0,0,19,1,6.33,9,3,0,0,0,T20I # 1834
411,West Indies Vs Zimbabwe,West Indies,Jason Holder,3.2,0,12,3,3.6,12,1,0,0,0,T20I # 1834
412,West Indies Vs Zimbabwe,West Indies,Odean Smith,3.0,0,31,1,10.33,8,4,1,1,1,T20I # 1834
413,Scotland Vs Ireland,Ireland,Josh Little,4.0,0,30,1,7.5,10,2,1,1,0,T20I # 1833
414,Scotland Vs Ireland,Ireland,Mark Adair,4.0,0,23,1,5.75,12,2,0,2,0,T20I # 1833
415,Scotland Vs Ireland,Ireland,Barry McCarthy,4.0,0,59,0,14.75,4,6,3,1,1,T20I # 1833
416,Scotland Vs Ireland,Ireland,Gareth Delany,3.0,0,28,0,9.33,3,2,1,0,0,T20I # 1833
417,Scotland Vs Ireland,Ireland,Simi Singh,2.0,0,16,0,8.0,2,2,0,0,0,T20I # 1833
418,Scotland Vs Ireland,Ireland,Curtis Campher,2.0,0,9,2,4.5,7,1,0,0,0,T20I # 1833
419,Scotland Vs Ireland,Ireland,George Dockrell,1.0,0,9,0,9.0,1,1,0,0,0,T20I # 1833
420,Scotland Vs Ireland,Scotland,Mark Watt,4.0,0,39,1,9.75,10,2,1,2,0,T20I # 1833
421,Scotland Vs Ireland,Scotland,Brad Wheal,4.0,0,25,1,6.25,11,2,1,0,0,T20I # 1833
422,Scotland Vs Ireland,Scotland,Josh Davey,4.0,0,46,0,11.5,5,8,0,1,0,T20I # 1833
423,Scotland Vs Ireland,Scotland,Safyaan Sharif,3.0,0,32,1,10.66,3,4,0,1,0,T20I # 1833
424,Scotland Vs Ireland,Scotland,Chris Greaves,2.0,0,18,0,9.0,1,0,1,1,0,T20I # 1833
425,Scotland Vs Ireland,Scotland,Michael Leask,2.0,0,16,1,8.0,2,1,0,0,0,T20I # 1833
426,Sri Lanka Vs United Arab Emirates,United Arab Emirates,Junaid Siddique,4.0,0,36,0,9.0,8,2,1,2,0,
427,Sri Lanka Vs United Arab Emirates,United Arab Emirates,Kashif Daud,1.0,0,14,0,14.0,0,2,0,0,0,
428,Sri Lanka Vs United Arab Emirates,United Arab Emirates,Zahoor Khan,4.0,0,26,2,6.5,10,3,0,0,0,
429,Sri Lanka Vs United Arab Emirates,United Arab Emirates,Aayan Afzal Khan,3.0,0,16,1,5.33,7,1,0,0,0,
430,Sri Lanka Vs United Arab Emirates,United Arab Emirates,Aryan Lakra,3.0,0,24,1,8.0,5,3,0,0,0,
431,Sri Lanka Vs United Arab Emirates,United Arab Emirates,Karthik Meiyappan,4.0,0,19,3,4.75,12,0,1,0,0,
432,Sri Lanka Vs United Arab Emirates,United Arab Emirates,Basil Hameed,1.0,0,13,0,13.0,1,1,1,0,0,
433,Sri Lanka Vs United Arab Emirates,Sri Lanka,Pramod Madushan,3.0,0,14,1,4.66,12,2,0,1,0,
434,Sri Lanka Vs United Arab Emirates,Sri Lanka,Maheesh Theekshana,3.1,0,15,2,4.73,10,2,0,0,0,
435,Sri Lanka Vs United Arab Emirates,Sri Lanka,Dushmantha Chameera,3.5,0,15,3,3.91,16,0,1,0,0,
436,Sri Lanka Vs United Arab Emirates,Sri Lanka,Chamika Karunaratne,2.0,0,14,0,7.0,5,2,0,0,0,
437,Sri Lanka Vs United Arab Emirates,Sri Lanka,Wanindu Hasaranga,4.0,1,8,3,2.0,17,0,0,0,0,
438,Sri Lanka Vs United Arab Emirates,Sri Lanka,Dasun Shanaka,1.1,0,7,1,6.0,3,0,0,1,0,
439,Namibia Vs Netherlands,Netherlands,Fred Klaassen,3.0,0,15,0,5.0,11,1,0,0,0,T20I # 1830
440,Namibia Vs Netherlands,Netherlands,Tim Pringle,3.0,0,15,1,5.0,8,0,0,0,0,T20I # 1830
441,Namibia Vs Netherlands,Netherlands,Bas de Leede,3.0,0,18,2,6.0,6,1,0,0,0,T20I # 1830
442,Namibia Vs Netherlands,Netherlands,Colin Ackermann,3.0,0,17,1,5.66,8,2,0,0,0,T20I # 1830
443,Namibia Vs Netherlands,Netherlands,Paul van Meekeren,4.0,0,18,1,4.5,11,1,0,1,0,T20I # 1830
444,Namibia Vs Netherlands,Netherlands,Timm van der Gugten,3.0,0,29,0,9.66,4,1,1,2,0,T20I # 1830
445,Namibia Vs Netherlands,Netherlands,Roelof van der Merwe,1.0,0,6,1,6.0,1,0,0,1,0,T20I # 1830
446,Namibia Vs Netherlands,Namibia,Bernard Scholtz,4.0,0,21,1,5.25,10,0,1,0,0,T20I # 1830
447,Namibia Vs Netherlands,Namibia,David Wiese,2.3,0,22,0,8.8,4,3,0,0,0,T20I # 1830
448,Namibia Vs Netherlands,Namibia,Gerhard Erasmus,3.0,0,13,0,4.33,8,0,0,1,0,T20I # 1830
449,Namibia Vs Netherlands,Namibia,Ben Shikongo,1.0,0,18,0,18.0,1,0,2,1,0,T20I # 1830
450,Namibia Vs Netherlands,Namibia,JJ Smit,4.0,0,24,2,6.0,9,2,0,0,0,T20I # 1830
451,Namibia Vs Netherlands,Namibia,Jan Frylinck,4.0,1,16,1,4.0,11,1,0,0,0,T20I # 1830
452,Namibia Vs Netherlands,Namibia,Jan Nicol Loftie-Eaton,1.0,0,8,0,8.0,2,1,0,0,1,T20I # 1830
453,Zimbabwe Vs Ireland,Ireland,Josh Little,4.0,0,24,3,6.0,11,3,0,0,0,T20I # 1828
454,Zimbabwe Vs Ireland,Ireland,Mark Adair,4.0,0,39,2,9.75,6,3,1,2,0,T20I # 1828
455,Zimbabwe Vs Ireland,Ireland,Barry McCarthy,4.0,0,24,0,6.0,11,2,0,2,0,T20I # 1828
456,Zimbabwe Vs Ireland,Ireland,Curtis Campher,3.0,0,29,0,9.66,6,2,2,0,0,T20I # 1828
457,Zimbabwe Vs Ireland,Ireland,Simi Singh,3.0,0,31,2,10.33,5,2,2,1,0,T20I # 1828
458,Zimbabwe Vs Ireland,Ireland,Gareth Delany,2.0,0,21,0,10.5,4,2,1,1,0,T20I # 1828
459,Zimbabwe Vs Ireland,Zimbabwe,Richard Ngarava,4.0,0,22,2,5.5,13,3,0,0,0,T20I # 1828
460,Zimbabwe Vs Ireland,Zimbabwe,Tendai Chatara,4.0,0,22,2,5.5,13,1,1,2,0,T20I # 1828
461,Zimbabwe Vs Ireland,Zimbabwe,Blessing Muzarabani,4.0,0,23,3,5.75,14,0,2,0,1,T20I # 1828
462,Zimbabwe Vs Ireland,Zimbabwe,Luke Jongwe,2.0,0,24,0,12.0,1,4,0,0,0,T20I # 1828
463,Zimbabwe Vs Ireland,Zimbabwe,Sean Williams,3.0,0,20,1,6.66,3,0,0,0,0,T20I # 1828
464,Zimbabwe Vs Ireland,Zimbabwe,Sikandar Raza,3.0,0,22,1,7.33,8,1,1,1,0,T20I # 1828
465,Scotland Vs West Indies,West Indies,Kyle Mayers,2.0,0,24,0,12.0,5,5,0,2,0,T20I # 1826
466,Scotland Vs West Indies,West Indies,Akeal Hosein,4.0,0,31,0,7.75,8,2,1,0,0,T20I # 1826
467,Scotland Vs West Indies,West Indies,Alzarri Joseph,4.0,0,28,2,7.0,9,3,0,2,0,T20I # 1826
468,Scotland Vs West Indies,West Indies,Obed McCoy,3.0,0,25,0,8.33,6,4,0,0,0,T20I # 1826
469,Scotland Vs West Indies,West Indies,Jason Holder,3.0,0,14,2,4.66,8,1,0,0,0,T20I # 1826
470,Scotland Vs West Indies,West Indies,Odean Smith,4.0,0,31,1,7.75,6,3,0,1,0,T20I # 1826
471,Scotland Vs West Indies,Scotland,Mark Watt,4.0,0,12,3,3.0,16,1,0,1,0,T20I # 1826
472,Scotland Vs West Indies,Scotland,Brad Wheal,4.0,0,32,2,8.0,10,4,1,0,0,T20I # 1826
473,Scotland Vs West Indies,Scotland,Josh Davey,3.0,0,34,1,11.33,8,4,2,1,0,T20I # 1826
474,Scotland Vs West Indies,Scotland,Safyaan Sharif,3.3,0,23,1,6.57,7,2,0,2,0,T20I # 1826
475,Scotland Vs West Indies,Scotland,Michael Leask,4.0,0,15,2,3.75,11,0,0,1,0,T20I # 1826
476,United Arab Emirates Vs Netherlands,Netherlands,Fred Klaassen,4.0,0,13,2,3.25,18,0,0,3,0,
477,United Arab Emirates Vs Netherlands,Netherlands,Tim Pringle,4.0,0,13,1,3.25,11,0,0,0,0,
478,United Arab Emirates Vs Netherlands,Netherlands,Logan van Beek,2.0,0,19,0,9.5,5,0,2,1,0,
479,United Arab Emirates Vs Netherlands,Netherlands,Bas de Leede,3.0,0,19,3,6.33,9,2,0,2,0,
480,United Arab Emirates Vs Netherlands,Netherlands,Paul van Meekeren,4.0,0,21,0,5.25,11,1,0,0,0,
481,United Arab Emirates Vs Netherlands,Netherlands,Roelof van der Merwe,3.0,0,19,1,6.33,7,0,1,0,0,
482,United Arab Emirates Vs Netherlands,United Arab Emirates,Junaid Siddique,4.0,0,24,3,6.0,10,2,0,1,0,
483,United Arab Emirates Vs Netherlands,United Arab Emirates,Basil Hameed,1.0,0,7,1,7.0,4,0,1,0,0,
484,United Arab Emirates Vs Netherlands,United Arab Emirates,Aayan Afzal Khan,3.0,0,15,1,5.0,8,1,0,0,0,
485,United Arab Emirates Vs Netherlands,United Arab Emirates,Karthik Meiyappan,4.0,0,22,1,5.5,11,2,0,0,0,
486,United Arab Emirates Vs Netherlands,United Arab Emirates,Zahoor Khan,4.0,0,11,1,2.75,14,0,0,0,0,
487,United Arab Emirates Vs Netherlands,United Arab Emirates,Zawar Farid,2.5,0,24,0,8.47,2,2,0,0,0,
488,United Arab Emirates Vs Netherlands,United Arab Emirates,Kashif Daud,1.0,0,5,0,5.0,1,0,0,0,0,
489,Namibia Vs Sri Lanka,Sri Lanka,Maheesh Theekshana,4.0,0,23,1,5.75,7,0,0,2,0,T20I # 1823
490,Namibia Vs Sri Lanka,Sri Lanka,Dushmantha Chameera,4.0,0,39,1,9.75,6,3,1,2,0,T20I # 1823
491,Namibia Vs Sri Lanka,Sri Lanka,Pramod Madushan,4.0,0,37,2,9.25,6,3,1,0,0,T20I # 1823
492,Namibia Vs Sri Lanka,Sri Lanka,Chamika Karunaratne,4.0,0,36,1,9.0,7,3,1,1,0,T20I # 1823
493,Namibia Vs Sri Lanka,Sri Lanka,Wanindu Hasaranga,4.0,0,27,1,6.75,8,1,1,0,0,T20I # 1823
494,Namibia Vs Sri Lanka,Namibia,Gerhard Erasmus,1.0,0,8,0,8.0,1,1,0,0,0,T20I # 1823
495,Namibia Vs Sri Lanka,Namibia,David Wiese,4.0,0,16,2,4.0,13,1,0,0,0,T20I # 1823
496,Namibia Vs Sri Lanka,Namibia,Bernard Scholtz,4.0,0,18,2,4.5,10,1,0,0,0,T20I # 1823
497,Namibia Vs Sri Lanka,Namibia,Ben Shikongo,3.0,1,22,2,7.33,6,3,0,0,0,T20I # 1823
498,Namibia Vs Sri Lanka,Namibia,JJ Smit,3.0,0,16,1,5.33,7,0,0,1,0,T20I # 1823
499,Namibia Vs Sri Lanka,Namibia,Jan Frylinck,4.0,0,26,2,6.5,10,0,2,1,0,T20I # 1823
